{
    "gameTime": 57.109649658203128,
    "HISTORY": [
        44.58893585205078,
        12.52071475982666
    ]
}